{
  "correction_alpha": 0.5832536682274962,
  "calibrated_val_mse_standardized": 0.4462835192680359,
  "selection_data": "validation only"
}