{
  "correction_alpha": 0.8934346892729297,
  "calibrated_val_mse_standardized": 0.5374460816383362,
  "selection_data": "validation only"
}