{
  "correction_alpha": 0.7160502793666071,
  "calibrated_val_mse_standardized": 0.45305028557777405,
  "selection_data": "validation only"
}