{
  "correction_alpha": 0.5882687178392395,
  "calibrated_val_mse_standardized": 0.5276384949684143,
  "selection_data": "validation only"
}