{
  "correction_alpha": 0.6896835278643859,
  "calibrated_val_mse_standardized": 0.45640239119529724,
  "selection_data": "validation only"
}