{
  "correction_alpha": 0.9340233130788804,
  "calibrated_val_mse_standardized": 0.4552531838417053,
  "selection_data": "validation only"
}