{
  "correction_alpha": 0.7081931242991603,
  "calibrated_val_mse_standardized": 0.5212985873222351,
  "selection_data": "validation only"
}