{
  "correction_alpha": 0.5578657568370039,
  "calibrated_val_mse_standardized": 0.5388041138648987,
  "selection_data": "validation only"
}